timeStamp,elapsed,label,responseCode,responseMessage,threadName,dataType,success,failureMessage,bytes,sentBytes,grpThreads,allThreads,URL,Latency,IdleTime,Connect
1626748183002,1465,HTTP Request,200,,basic_test_pdf_converter_200U_60R_1L_40_CL 1-1,text,true,,136,211,5,5,http://localhost:8080/demo/getJasperReport,1465,0,2
1626748183317,1177,HTTP Request,200,,basic_test_pdf_converter_200U_60R_1L_40_CL 1-2,text,true,,136,211,4,4,http://localhost:8080/demo/getJasperReport,1177,0,1
1626748183903,659,HTTP Request,200,,basic_test_pdf_converter_200U_60R_1L_40_CL 1-4,text,true,,136,211,4,4,http://localhost:8080/demo/getJasperReport,659,0,1
1626748183607,981,HTTP Request,200,,basic_test_pdf_converter_200U_60R_1L_40_CL 1-3,text,true,,136,211,3,3,http://localhost:8080/demo/getJasperReport,981,0,1
1626748184202,473,HTTP Request,200,,basic_test_pdf_converter_200U_60R_1L_40_CL 1-5,text,true,,136,211,2,2,http://localhost:8080/demo/getJasperReport,473,0,1
1626748184503,259,HTTP Request,200,,basic_test_pdf_converter_200U_60R_1L_40_CL 1-6,text,true,,136,211,1,1,http://localhost:8080/demo/getJasperReport,259,0,2
1626748184801,211,HTTP Request,200,,basic_test_pdf_converter_200U_60R_1L_40_CL 1-7,text,true,,136,211,1,1,http://localhost:8080/demo/getJasperReport,211,0,1
1626748185102,174,HTTP Request,200,,basic_test_pdf_converter_200U_60R_1L_40_CL 1-8,text,true,,136,211,1,1,http://localhost:8080/demo/getJasperReport,174,0,1
1626748185401,200,HTTP Request,200,,basic_test_pdf_converter_200U_60R_1L_40_CL 1-9,text,true,,136,211,1,1,http://localhost:8080/demo/getJasperReport,200,0,1
1626748185701,186,HTTP Request,200,,basic_test_pdf_converter_200U_60R_1L_40_CL 1-10,text,true,,136,211,1,1,http://localhost:8080/demo/getJasperReport,186,0,1
1626748186001,170,HTTP Request,200,,basic_test_pdf_converter_200U_60R_1L_40_CL 1-11,text,true,,136,211,1,1,http://localhost:8080/demo/getJasperReport,169,0,1
1626748186301,181,HTTP Request,200,,basic_test_pdf_converter_200U_60R_1L_40_CL 1-12,text,true,,136,211,1,1,http://localhost:8080/demo/getJasperReport,181,0,1
1626748186603,178,HTTP Request,200,,basic_test_pdf_converter_200U_60R_1L_40_CL 1-13,text,true,,136,211,1,1,http://localhost:8080/demo/getJasperReport,178,0,0
1626748186902,199,HTTP Request,200,,basic_test_pdf_converter_200U_60R_1L_40_CL 1-14,text,true,,136,211,1,1,http://localhost:8080/demo/getJasperReport,199,0,1
1626748187200,191,HTTP Request,200,,basic_test_pdf_converter_200U_60R_1L_40_CL 1-15,text,true,,136,211,1,1,http://localhost:8080/demo/getJasperReport,191,0,0
1626748187500,201,HTTP Request,200,,basic_test_pdf_converter_200U_60R_1L_40_CL 1-16,text,true,,136,211,1,1,http://localhost:8080/demo/getJasperReport,200,0,1
1626748187800,198,HTTP Request,200,,basic_test_pdf_converter_200U_60R_1L_40_CL 1-17,text,true,,136,211,1,1,http://localhost:8080/demo/getJasperReport,197,0,0
1626748188102,237,HTTP Request,200,,basic_test_pdf_converter_200U_60R_1L_40_CL 1-18,text,true,,136,211,1,1,http://localhost:8080/demo/getJasperReport,237,0,0
1626748188402,204,HTTP Request,200,,basic_test_pdf_converter_200U_60R_1L_40_CL 1-19,text,true,,136,211,1,1,http://localhost:8080/demo/getJasperReport,204,0,1
1626748188701,229,HTTP Request,200,,basic_test_pdf_converter_200U_60R_1L_40_CL 1-20,text,true,,136,211,1,1,http://localhost:8080/demo/getJasperReport,229,0,0
1626748189001,227,HTTP Request,200,,basic_test_pdf_converter_200U_60R_1L_40_CL 1-21,text,true,,136,211,1,1,http://localhost:8080/demo/getJasperReport,227,0,1
1626748189302,220,HTTP Request,200,,basic_test_pdf_converter_200U_60R_1L_40_CL 1-22,text,true,,136,211,1,1,http://localhost:8080/demo/getJasperReport,220,0,1
1626748189601,317,HTTP Request,200,,basic_test_pdf_converter_200U_60R_1L_40_CL 1-23,text,true,,136,211,2,2,http://localhost:8080/demo/getJasperReport,317,0,1
1626748189901,241,HTTP Request,200,,basic_test_pdf_converter_200U_60R_1L_40_CL 1-24,text,true,,136,211,1,1,http://localhost:8080/demo/getJasperReport,241,0,1
1626748190201,226,HTTP Request,200,,basic_test_pdf_converter_200U_60R_1L_40_CL 1-25,text,true,,136,211,1,1,http://localhost:8080/demo/getJasperReport,226,0,1
1626748190501,233,HTTP Request,200,,basic_test_pdf_converter_200U_60R_1L_40_CL 1-26,text,true,,136,211,1,1,http://localhost:8080/demo/getJasperReport,233,0,0
1626748190801,214,HTTP Request,200,,basic_test_pdf_converter_200U_60R_1L_40_CL 1-27,text,true,,136,211,1,1,http://localhost:8080/demo/getJasperReport,213,0,1
1626748191101,237,HTTP Request,200,,basic_test_pdf_converter_200U_60R_1L_40_CL 1-28,text,true,,136,211,1,1,http://localhost:8080/demo/getJasperReport,236,0,2
1626748191401,289,HTTP Request,200,,basic_test_pdf_converter_200U_60R_1L_40_CL 1-29,text,true,,136,211,1,1,http://localhost:8080/demo/getJasperReport,289,0,1
1626748191701,229,HTTP Request,200,,basic_test_pdf_converter_200U_60R_1L_40_CL 1-30,text,true,,136,211,1,1,http://localhost:8080/demo/getJasperReport,229,0,1
1626748192000,223,HTTP Request,200,,basic_test_pdf_converter_200U_60R_1L_40_CL 1-31,text,true,,136,211,1,1,http://localhost:8080/demo/getJasperReport,223,0,1
1626748192302,235,HTTP Request,200,,basic_test_pdf_converter_200U_60R_1L_40_CL 1-32,text,true,,136,211,1,1,http://localhost:8080/demo/getJasperReport,235,0,1
1626748192601,249,HTTP Request,200,,basic_test_pdf_converter_200U_60R_1L_40_CL 1-33,text,true,,136,211,1,1,http://localhost:8080/demo/getJasperReport,249,0,1
1626748192901,260,HTTP Request,200,,basic_test_pdf_converter_200U_60R_1L_40_CL 1-34,text,true,,136,211,1,1,http://localhost:8080/demo/getJasperReport,260,0,1
1626748193200,219,HTTP Request,200,,basic_test_pdf_converter_200U_60R_1L_40_CL 1-35,text,true,,136,211,1,1,http://localhost:8080/demo/getJasperReport,219,0,2
1626748193500,247,HTTP Request,200,,basic_test_pdf_converter_200U_60R_1L_40_CL 1-36,text,true,,136,211,1,1,http://localhost:8080/demo/getJasperReport,247,0,1
1626748193801,286,HTTP Request,200,,basic_test_pdf_converter_200U_60R_1L_40_CL 1-37,text,true,,136,211,1,1,http://localhost:8080/demo/getJasperReport,286,0,1
1626748194102,253,HTTP Request,200,,basic_test_pdf_converter_200U_60R_1L_40_CL 1-38,text,true,,136,211,1,1,http://localhost:8080/demo/getJasperReport,252,0,1
1626748194401,279,HTTP Request,200,,basic_test_pdf_converter_200U_60R_1L_40_CL 1-39,text,true,,136,211,1,1,http://localhost:8080/demo/getJasperReport,279,0,1
1626748194700,272,HTTP Request,200,,basic_test_pdf_converter_200U_60R_1L_40_CL 1-40,text,true,,136,211,1,1,http://localhost:8080/demo/getJasperReport,271,0,1
1626748195002,284,HTTP Request,200,,basic_test_pdf_converter_200U_60R_1L_40_CL 1-41,text,true,,136,211,1,1,http://localhost:8080/demo/getJasperReport,284,0,1
1626748195302,272,HTTP Request,200,,basic_test_pdf_converter_200U_60R_1L_40_CL 1-42,text,true,,136,211,1,1,http://localhost:8080/demo/getJasperReport,272,0,1
1626748195601,213,HTTP Request,200,,basic_test_pdf_converter_200U_60R_1L_40_CL 1-43,text,true,,136,211,1,1,http://localhost:8080/demo/getJasperReport,213,0,1
1626748195901,367,HTTP Request,200,,basic_test_pdf_converter_200U_60R_1L_40_CL 1-44,text,true,,136,211,2,2,http://localhost:8080/demo/getJasperReport,367,0,1
1626748196200,272,HTTP Request,200,,basic_test_pdf_converter_200U_60R_1L_40_CL 1-45,text,true,,136,211,1,1,http://localhost:8080/demo/getJasperReport,272,0,1
1626748196500,211,HTTP Request,200,,basic_test_pdf_converter_200U_60R_1L_40_CL 1-46,text,true,,136,211,1,1,http://localhost:8080/demo/getJasperReport,211,0,1
1626748196801,234,HTTP Request,200,,basic_test_pdf_converter_200U_60R_1L_40_CL 1-47,text,true,,136,211,1,1,http://localhost:8080/demo/getJasperReport,234,0,1
1626748197102,220,HTTP Request,200,,basic_test_pdf_converter_200U_60R_1L_40_CL 1-48,text,true,,136,211,1,1,http://localhost:8080/demo/getJasperReport,219,0,1
1626748197404,237,HTTP Request,200,,basic_test_pdf_converter_200U_60R_1L_40_CL 1-49,text,true,,136,211,1,1,http://localhost:8080/demo/getJasperReport,236,0,2
1626748197702,196,HTTP Request,200,,basic_test_pdf_converter_200U_60R_1L_40_CL 1-50,text,true,,136,211,1,1,http://localhost:8080/demo/getJasperReport,196,0,1
1626748198001,212,HTTP Request,200,,basic_test_pdf_converter_200U_60R_1L_40_CL 1-51,text,true,,136,211,1,1,http://localhost:8080/demo/getJasperReport,211,0,1
1626748198301,212,HTTP Request,200,,basic_test_pdf_converter_200U_60R_1L_40_CL 1-52,text,true,,136,211,1,1,http://localhost:8080/demo/getJasperReport,212,0,1
1626748198602,231,HTTP Request,200,,basic_test_pdf_converter_200U_60R_1L_40_CL 1-53,text,true,,136,211,1,1,http://localhost:8080/demo/getJasperReport,231,0,1
1626748198902,246,HTTP Request,200,,basic_test_pdf_converter_200U_60R_1L_40_CL 1-54,text,true,,136,211,1,1,http://localhost:8080/demo/getJasperReport,246,0,1
1626748199202,221,HTTP Request,200,,basic_test_pdf_converter_200U_60R_1L_40_CL 1-55,text,true,,136,211,1,1,http://localhost:8080/demo/getJasperReport,221,0,1
1626748199502,221,HTTP Request,200,,basic_test_pdf_converter_200U_60R_1L_40_CL 1-56,text,true,,136,211,1,1,http://localhost:8080/demo/getJasperReport,220,0,1
1626748199802,206,HTTP Request,200,,basic_test_pdf_converter_200U_60R_1L_40_CL 1-57,text,true,,136,211,1,1,http://localhost:8080/demo/getJasperReport,205,0,1
1626748200101,236,HTTP Request,200,,basic_test_pdf_converter_200U_60R_1L_40_CL 1-58,text,true,,136,211,1,1,http://localhost:8080/demo/getJasperReport,236,0,0
1626748200401,230,HTTP Request,200,,basic_test_pdf_converter_200U_60R_1L_40_CL 1-59,text,true,,136,211,1,1,http://localhost:8080/demo/getJasperReport,230,0,1
1626748200701,247,HTTP Request,200,,basic_test_pdf_converter_200U_60R_1L_40_CL 1-60,text,true,,136,211,1,1,http://localhost:8080/demo/getJasperReport,247,0,1
1626748201002,203,HTTP Request,200,,basic_test_pdf_converter_200U_60R_1L_40_CL 1-61,text,true,,136,211,1,1,http://localhost:8080/demo/getJasperReport,203,0,1
1626748201303,196,HTTP Request,200,,basic_test_pdf_converter_200U_60R_1L_40_CL 1-62,text,true,,136,211,1,1,http://localhost:8080/demo/getJasperReport,196,0,1
1626748201602,273,HTTP Request,200,,basic_test_pdf_converter_200U_60R_1L_40_CL 1-63,text,true,,136,211,1,1,http://localhost:8080/demo/getJasperReport,272,0,1
1626748201903,267,HTTP Request,200,,basic_test_pdf_converter_200U_60R_1L_40_CL 1-64,text,true,,136,211,1,1,http://localhost:8080/demo/getJasperReport,266,0,0
1626748202202,1732,HTTP Request,200,,basic_test_pdf_converter_200U_60R_1L_40_CL 1-65,text,true,,136,211,6,6,http://localhost:8080/demo/getJasperReport,1731,0,1
1626748203402,983,HTTP Request,200,,basic_test_pdf_converter_200U_60R_1L_40_CL 1-69,text,true,,136,211,7,7,http://localhost:8080/demo/getJasperReport,983,0,1
1626748203101,1308,HTTP Request,200,,basic_test_pdf_converter_200U_60R_1L_40_CL 1-68,text,true,,136,211,6,6,http://localhost:8080/demo/getJasperReport,1307,0,1
1626748202801,1608,HTTP Request,200,,basic_test_pdf_converter_200U_60R_1L_40_CL 1-67,text,true,,136,211,6,6,http://localhost:8080/demo/getJasperReport,1607,0,1
1626748202502,1921,HTTP Request,200,,basic_test_pdf_converter_200U_60R_1L_40_CL 1-66,text,true,,136,211,4,4,http://localhost:8080/demo/getJasperReport,1921,0,1
1626748203701,735,HTTP Request,200,,basic_test_pdf_converter_200U_60R_1L_40_CL 1-70,text,true,,136,211,3,3,http://localhost:8080/demo/getJasperReport,735,0,1
1626748204003,475,HTTP Request,200,,basic_test_pdf_converter_200U_60R_1L_40_CL 1-71,text,true,,136,211,2,2,http://localhost:8080/demo/getJasperReport,475,0,1
1626748204302,296,HTTP Request,200,,basic_test_pdf_converter_200U_60R_1L_40_CL 1-72,text,true,,136,211,1,1,http://localhost:8080/demo/getJasperReport,296,0,1
1626748204602,264,HTTP Request,200,,basic_test_pdf_converter_200U_60R_1L_40_CL 1-73,text,true,,136,211,1,1,http://localhost:8080/demo/getJasperReport,263,0,1
1626748204901,239,HTTP Request,200,,basic_test_pdf_converter_200U_60R_1L_40_CL 1-74,text,true,,136,211,1,1,http://localhost:8080/demo/getJasperReport,239,0,1
1626748205202,243,HTTP Request,200,,basic_test_pdf_converter_200U_60R_1L_40_CL 1-75,text,true,,136,211,1,1,http://localhost:8080/demo/getJasperReport,242,0,1
1626748205502,206,HTTP Request,200,,basic_test_pdf_converter_200U_60R_1L_40_CL 1-76,text,true,,136,211,1,1,http://localhost:8080/demo/getJasperReport,206,0,1
1626748205802,455,HTTP Request,200,,basic_test_pdf_converter_200U_60R_1L_40_CL 1-77,text,true,,136,211,2,2,http://localhost:8080/demo/getJasperReport,455,0,1
1626748206103,300,HTTP Request,200,,basic_test_pdf_converter_200U_60R_1L_40_CL 1-78,text,true,,136,211,2,2,http://localhost:8080/demo/getJasperReport,299,0,3
1626748206402,230,HTTP Request,200,,basic_test_pdf_converter_200U_60R_1L_40_CL 1-79,text,true,,136,211,1,1,http://localhost:8080/demo/getJasperReport,229,0,1
1626748206704,383,HTTP Request,200,,basic_test_pdf_converter_200U_60R_1L_40_CL 1-80,text,true,,136,211,2,2,http://localhost:8080/demo/getJasperReport,383,0,2
1626748207003,287,HTTP Request,200,,basic_test_pdf_converter_200U_60R_1L_40_CL 1-81,text,true,,136,211,1,1,http://localhost:8080/demo/getJasperReport,286,0,1
1626748207302,305,HTTP Request,200,,basic_test_pdf_converter_200U_60R_1L_40_CL 1-82,text,true,,136,211,2,2,http://localhost:8080/demo/getJasperReport,304,0,1
1626748207604,312,HTTP Request,200,,basic_test_pdf_converter_200U_60R_1L_40_CL 1-83,text,true,,136,211,2,2,http://localhost:8080/demo/getJasperReport,311,0,3
1626748207901,328,HTTP Request,200,,basic_test_pdf_converter_200U_60R_1L_40_CL 1-84,text,true,,136,211,2,2,http://localhost:8080/demo/getJasperReport,328,0,1
1626748208202,398,HTTP Request,200,,basic_test_pdf_converter_200U_60R_1L_40_CL 1-85,text,true,,136,211,2,2,http://localhost:8080/demo/getJasperReport,398,0,1
1626748208501,448,HTTP Request,200,,basic_test_pdf_converter_200U_60R_1L_40_CL 1-86,text,true,,136,211,2,2,http://localhost:8080/demo/getJasperReport,448,0,1
1626748208802,268,HTTP Request,200,,basic_test_pdf_converter_200U_60R_1L_40_CL 1-87,text,true,,136,211,1,1,http://localhost:8080/demo/getJasperReport,268,0,2
1626748209102,159,HTTP Request,200,,basic_test_pdf_converter_200U_60R_1L_40_CL 1-88,text,true,,136,211,1,1,http://localhost:8080/demo/getJasperReport,159,0,0
1626748209401,147,HTTP Request,200,,basic_test_pdf_converter_200U_60R_1L_40_CL 1-89,text,true,,136,211,1,1,http://localhost:8080/demo/getJasperReport,147,0,0
1626748209703,491,HTTP Request,200,,basic_test_pdf_converter_200U_60R_1L_40_CL 1-90,text,true,,136,211,2,2,http://localhost:8080/demo/getJasperReport,490,0,2
1626748210003,239,HTTP Request,200,,basic_test_pdf_converter_200U_60R_1L_40_CL 1-91,text,true,,136,211,1,1,http://localhost:8080/demo/getJasperReport,239,0,1
1626748210303,158,HTTP Request,200,,basic_test_pdf_converter_200U_60R_1L_40_CL 1-92,text,true,,136,211,1,1,http://localhost:8080/demo/getJasperReport,157,0,0
1626748210602,149,HTTP Request,200,,basic_test_pdf_converter_200U_60R_1L_40_CL 1-93,text,true,,136,211,1,1,http://localhost:8080/demo/getJasperReport,149,0,1
1626748210901,150,HTTP Request,200,,basic_test_pdf_converter_200U_60R_1L_40_CL 1-94,text,true,,136,211,1,1,http://localhost:8080/demo/getJasperReport,150,0,1
1626748211202,146,HTTP Request,200,,basic_test_pdf_converter_200U_60R_1L_40_CL 1-95,text,true,,136,211,1,1,http://localhost:8080/demo/getJasperReport,146,0,1
1626748211503,139,HTTP Request,200,,basic_test_pdf_converter_200U_60R_1L_40_CL 1-96,text,true,,136,211,1,1,http://localhost:8080/demo/getJasperReport,139,0,0
1626748211803,150,HTTP Request,200,,basic_test_pdf_converter_200U_60R_1L_40_CL 1-97,text,true,,136,211,1,1,http://localhost:8080/demo/getJasperReport,149,0,0
1626748212101,142,HTTP Request,200,,basic_test_pdf_converter_200U_60R_1L_40_CL 1-98,text,true,,136,211,1,1,http://localhost:8080/demo/getJasperReport,142,0,0
1626748212401,141,HTTP Request,200,,basic_test_pdf_converter_200U_60R_1L_40_CL 1-99,text,true,,136,211,1,1,http://localhost:8080/demo/getJasperReport,141,0,1
1626748212702,147,HTTP Request,200,,basic_test_pdf_converter_200U_60R_1L_40_CL 1-100,text,true,,136,211,1,1,http://localhost:8080/demo/getJasperReport,147,0,0
1626748213002,596,HTTP Request,200,,basic_test_pdf_converter_200U_60R_1L_40_CL 1-101,text,true,,136,211,2,2,http://localhost:8080/demo/getJasperReport,596,0,2
1626748213302,524,HTTP Request,200,,basic_test_pdf_converter_200U_60R_1L_40_CL 1-102,text,true,,136,211,2,2,http://localhost:8080/demo/getJasperReport,523,0,5
1626748213602,332,HTTP Request,200,,basic_test_pdf_converter_200U_60R_1L_40_CL 1-103,text,true,,136,211,2,2,http://localhost:8080/demo/getJasperReport,331,0,2
1626748213902,279,HTTP Request,200,,basic_test_pdf_converter_200U_60R_1L_40_CL 1-104,text,true,,136,211,1,1,http://localhost:8080/demo/getJasperReport,279,0,2
1626748214215,308,HTTP Request,200,,basic_test_pdf_converter_200U_60R_1L_40_CL 1-105,text,true,,136,211,2,2,http://localhost:8080/demo/getJasperReport,308,0,0
1626748214506,145,HTTP Request,200,,basic_test_pdf_converter_200U_60R_1L_40_CL 1-106,text,true,,136,211,1,1,http://localhost:8080/demo/getJasperReport,145,0,1
1626748214815,400,HTTP Request,200,,basic_test_pdf_converter_200U_60R_1L_40_CL 1-107,text,true,,136,211,2,2,http://localhost:8080/demo/getJasperReport,400,0,0
1626748215102,450,HTTP Request,200,,basic_test_pdf_converter_200U_60R_1L_40_CL 1-108,text,true,,136,211,2,2,http://localhost:8080/demo/getJasperReport,450,0,2
1626748215403,341,HTTP Request,200,,basic_test_pdf_converter_200U_60R_1L_40_CL 1-109,text,true,,136,211,2,2,http://localhost:8080/demo/getJasperReport,341,0,3
1626748215701,277,HTTP Request,200,,basic_test_pdf_converter_200U_60R_1L_40_CL 1-110,text,true,,136,211,1,1,http://localhost:8080/demo/getJasperReport,277,0,1
1626748216001,347,HTTP Request,200,,basic_test_pdf_converter_200U_60R_1L_40_CL 1-111,text,true,,136,211,2,2,http://localhost:8080/demo/getJasperReport,347,0,2
1626748216302,316,HTTP Request,200,,basic_test_pdf_converter_200U_60R_1L_40_CL 1-112,text,true,,136,211,2,2,http://localhost:8080/demo/getJasperReport,316,0,1
1626748216602,190,HTTP Request,200,,basic_test_pdf_converter_200U_60R_1L_40_CL 1-113,text,true,,136,211,1,1,http://localhost:8080/demo/getJasperReport,190,0,2
1626748216902,205,HTTP Request,200,,basic_test_pdf_converter_200U_60R_1L_40_CL 1-114,text,true,,136,211,1,1,http://localhost:8080/demo/getJasperReport,205,0,1
1626748217202,166,HTTP Request,200,,basic_test_pdf_converter_200U_60R_1L_40_CL 1-115,text,true,,136,211,1,1,http://localhost:8080/demo/getJasperReport,165,0,1
1626748217501,138,HTTP Request,200,,basic_test_pdf_converter_200U_60R_1L_40_CL 1-116,text,true,,136,211,1,1,http://localhost:8080/demo/getJasperReport,138,0,1
1626748217802,266,HTTP Request,200,,basic_test_pdf_converter_200U_60R_1L_40_CL 1-117,text,true,,136,211,1,1,http://localhost:8080/demo/getJasperReport,266,0,2
1626748218101,214,HTTP Request,200,,basic_test_pdf_converter_200U_60R_1L_40_CL 1-118,text,true,,136,211,1,1,http://localhost:8080/demo/getJasperReport,214,0,1
1626748218401,192,HTTP Request,200,,basic_test_pdf_converter_200U_60R_1L_40_CL 1-119,text,true,,136,211,1,1,http://localhost:8080/demo/getJasperReport,192,0,1
1626748218703,352,HTTP Request,200,,basic_test_pdf_converter_200U_60R_1L_40_CL 1-120,text,true,,136,211,2,2,http://localhost:8080/demo/getJasperReport,352,0,2
1626748219003,198,HTTP Request,200,,basic_test_pdf_converter_200U_60R_1L_40_CL 1-121,text,true,,136,211,1,1,http://localhost:8080/demo/getJasperReport,197,0,1
1626748219302,260,HTTP Request,200,,basic_test_pdf_converter_200U_60R_1L_40_CL 1-122,text,true,,136,211,1,1,http://localhost:8080/demo/getJasperReport,259,0,1
1626748219602,417,HTTP Request,200,,basic_test_pdf_converter_200U_60R_1L_40_CL 1-123,text,true,,136,211,2,2,http://localhost:8080/demo/getJasperReport,417,0,1
1626748219902,258,HTTP Request,200,,basic_test_pdf_converter_200U_60R_1L_40_CL 1-124,text,true,,136,211,1,1,http://localhost:8080/demo/getJasperReport,257,0,1
1626748220203,374,HTTP Request,200,,basic_test_pdf_converter_200U_60R_1L_40_CL 1-125,text,true,,136,211,2,2,http://localhost:8080/demo/getJasperReport,374,0,2
1626748220503,209,HTTP Request,200,,basic_test_pdf_converter_200U_60R_1L_40_CL 1-126,text,true,,136,211,1,1,http://localhost:8080/demo/getJasperReport,209,0,2
1626748220801,194,HTTP Request,200,,basic_test_pdf_converter_200U_60R_1L_40_CL 1-127,text,true,,136,211,1,1,http://localhost:8080/demo/getJasperReport,194,0,1
1626748221102,429,HTTP Request,200,,basic_test_pdf_converter_200U_60R_1L_40_CL 1-128,text,true,,136,211,2,2,http://localhost:8080/demo/getJasperReport,429,0,2
1626748221402,267,HTTP Request,200,,basic_test_pdf_converter_200U_60R_1L_40_CL 1-129,text,true,,136,211,1,1,http://localhost:8080/demo/getJasperReport,267,0,2
1626748221703,465,HTTP Request,200,,basic_test_pdf_converter_200U_60R_1L_40_CL 1-130,text,true,,136,211,2,2,http://localhost:8080/demo/getJasperReport,465,0,2
1626748222001,325,HTTP Request,200,,basic_test_pdf_converter_200U_60R_1L_40_CL 1-131,text,true,,136,211,2,2,http://localhost:8080/demo/getJasperReport,325,0,2
1626748222301,191,HTTP Request,200,,basic_test_pdf_converter_200U_60R_1L_40_CL 1-132,text,true,,136,211,1,1,http://localhost:8080/demo/getJasperReport,191,0,0
1626748222602,414,HTTP Request,200,,basic_test_pdf_converter_200U_60R_1L_40_CL 1-133,text,true,,136,211,2,2,http://localhost:8080/demo/getJasperReport,414,0,1
1626748222902,252,HTTP Request,200,,basic_test_pdf_converter_200U_60R_1L_40_CL 1-134,text,true,,136,211,1,1,http://localhost:8080/demo/getJasperReport,252,0,3
1626748223203,280,HTTP Request,200,,basic_test_pdf_converter_200U_60R_1L_40_CL 1-135,text,true,,136,211,1,1,http://localhost:8080/demo/getJasperReport,280,0,1
1626748223503,249,HTTP Request,200,,basic_test_pdf_converter_200U_60R_1L_40_CL 1-136,text,true,,136,211,1,1,http://localhost:8080/demo/getJasperReport,249,0,1
1626748223802,207,HTTP Request,200,,basic_test_pdf_converter_200U_60R_1L_40_CL 1-137,text,true,,136,211,1,1,http://localhost:8080/demo/getJasperReport,207,0,0
1626748224102,457,HTTP Request,200,,basic_test_pdf_converter_200U_60R_1L_40_CL 1-138,text,true,,136,211,2,2,http://localhost:8080/demo/getJasperReport,457,0,2
1626748224402,296,HTTP Request,200,,basic_test_pdf_converter_200U_60R_1L_40_CL 1-139,text,true,,136,211,1,1,http://localhost:8080/demo/getJasperReport,296,0,2
1626748224701,229,HTTP Request,200,,basic_test_pdf_converter_200U_60R_1L_40_CL 1-140,text,true,,136,211,1,1,http://localhost:8080/demo/getJasperReport,229,0,1
1626748225003,445,HTTP Request,200,,basic_test_pdf_converter_200U_60R_1L_40_CL 1-141,text,true,,136,211,2,2,http://localhost:8080/demo/getJasperReport,445,0,2
1626748225303,265,HTTP Request,200,,basic_test_pdf_converter_200U_60R_1L_40_CL 1-142,text,true,,136,211,1,1,http://localhost:8080/demo/getJasperReport,265,0,4
1626748225601,145,HTTP Request,200,,basic_test_pdf_converter_200U_60R_1L_40_CL 1-143,text,true,,136,211,1,1,http://localhost:8080/demo/getJasperReport,145,0,0
1626748225901,174,HTTP Request,200,,basic_test_pdf_converter_200U_60R_1L_40_CL 1-144,text,true,,136,211,1,1,http://localhost:8080/demo/getJasperReport,174,0,0
1626748226203,359,HTTP Request,200,,basic_test_pdf_converter_200U_60R_1L_40_CL 1-145,text,true,,136,211,2,2,http://localhost:8080/demo/getJasperReport,359,0,2
1626748226503,237,HTTP Request,200,,basic_test_pdf_converter_200U_60R_1L_40_CL 1-146,text,true,,136,211,1,1,http://localhost:8080/demo/getJasperReport,237,0,1
1626748226804,346,HTTP Request,200,,basic_test_pdf_converter_200U_60R_1L_40_CL 1-147,text,true,,136,211,2,2,http://localhost:8080/demo/getJasperReport,346,0,2
1626748227102,299,HTTP Request,200,,basic_test_pdf_converter_200U_60R_1L_40_CL 1-148,text,true,,136,211,2,2,http://localhost:8080/demo/getJasperReport,299,0,1
1626748227402,287,HTTP Request,200,,basic_test_pdf_converter_200U_60R_1L_40_CL 1-149,text,true,,136,211,1,1,http://localhost:8080/demo/getJasperReport,286,0,2
1626748227702,243,HTTP Request,200,,basic_test_pdf_converter_200U_60R_1L_40_CL 1-150,text,true,,136,211,1,1,http://localhost:8080/demo/getJasperReport,243,0,1
1626748228001,193,HTTP Request,200,,basic_test_pdf_converter_200U_60R_1L_40_CL 1-151,text,true,,136,211,1,1,http://localhost:8080/demo/getJasperReport,192,0,1
1626748228303,257,HTTP Request,200,,basic_test_pdf_converter_200U_60R_1L_40_CL 1-152,text,true,,136,211,1,1,http://localhost:8080/demo/getJasperReport,256,0,1
1626748228601,219,HTTP Request,200,,basic_test_pdf_converter_200U_60R_1L_40_CL 1-153,text,true,,136,211,1,1,http://localhost:8080/demo/getJasperReport,219,0,0
1626748228901,147,HTTP Request,200,,basic_test_pdf_converter_200U_60R_1L_40_CL 1-154,text,true,,136,211,1,1,http://localhost:8080/demo/getJasperReport,146,0,1
1626748229203,397,HTTP Request,200,,basic_test_pdf_converter_200U_60R_1L_40_CL 1-155,text,true,,136,211,2,2,http://localhost:8080/demo/getJasperReport,396,0,1
1626748229502,217,HTTP Request,200,,basic_test_pdf_converter_200U_60R_1L_40_CL 1-156,text,true,,136,211,1,1,http://localhost:8080/demo/getJasperReport,216,0,1
1626748229803,371,HTTP Request,200,,basic_test_pdf_converter_200U_60R_1L_40_CL 1-157,text,true,,136,211,2,2,http://localhost:8080/demo/getJasperReport,371,0,2
1626748230102,208,HTTP Request,200,,basic_test_pdf_converter_200U_60R_1L_40_CL 1-158,text,true,,136,211,1,1,http://localhost:8080/demo/getJasperReport,208,0,1
1626748230402,394,HTTP Request,200,,basic_test_pdf_converter_200U_60R_1L_40_CL 1-159,text,true,,136,211,2,2,http://localhost:8080/demo/getJasperReport,394,0,2
1626748230701,269,HTTP Request,200,,basic_test_pdf_converter_200U_60R_1L_40_CL 1-160,text,true,,136,211,1,1,http://localhost:8080/demo/getJasperReport,268,0,2
1626748231004,271,HTTP Request,200,,basic_test_pdf_converter_200U_60R_1L_40_CL 1-161,text,true,,136,211,1,1,http://localhost:8080/demo/getJasperReport,271,0,1
1626748231303,205,HTTP Request,200,,basic_test_pdf_converter_200U_60R_1L_40_CL 1-162,text,true,,136,211,1,1,http://localhost:8080/demo/getJasperReport,204,0,1
1626748231603,415,HTTP Request,200,,basic_test_pdf_converter_200U_60R_1L_40_CL 1-163,text,true,,136,211,2,2,http://localhost:8080/demo/getJasperReport,415,0,2
1626748231905,188,HTTP Request,200,,basic_test_pdf_converter_200U_60R_1L_40_CL 1-164,text,true,,136,211,1,1,http://localhost:8080/demo/getJasperReport,188,0,2
1626748232203,174,HTTP Request,200,,basic_test_pdf_converter_200U_60R_1L_40_CL 1-165,text,true,,136,211,1,1,http://localhost:8080/demo/getJasperReport,174,0,0
1626748232503,299,HTTP Request,200,,basic_test_pdf_converter_200U_60R_1L_40_CL 1-166,text,true,,136,211,2,2,http://localhost:8080/demo/getJasperReport,299,0,2
1626748232801,215,HTTP Request,200,,basic_test_pdf_converter_200U_60R_1L_40_CL 1-167,text,true,,136,211,1,1,http://localhost:8080/demo/getJasperReport,215,0,2
1626748233102,161,HTTP Request,200,,basic_test_pdf_converter_200U_60R_1L_40_CL 1-168,text,true,,136,211,1,1,http://localhost:8080/demo/getJasperReport,161,0,1
1626748233403,352,HTTP Request,200,,basic_test_pdf_converter_200U_60R_1L_40_CL 1-169,text,true,,136,211,2,2,http://localhost:8080/demo/getJasperReport,352,0,2
1626748233702,202,HTTP Request,200,,basic_test_pdf_converter_200U_60R_1L_40_CL 1-170,text,true,,136,211,1,1,http://localhost:8080/demo/getJasperReport,202,0,2
1626748234003,304,HTTP Request,200,,basic_test_pdf_converter_200U_60R_1L_40_CL 1-171,text,true,,136,211,2,2,http://localhost:8080/demo/getJasperReport,304,0,3
1626748234302,307,HTTP Request,200,,basic_test_pdf_converter_200U_60R_1L_40_CL 1-172,text,true,,136,211,2,2,http://localhost:8080/demo/getJasperReport,306,0,3
1626748234602,269,HTTP Request,200,,basic_test_pdf_converter_200U_60R_1L_40_CL 1-173,text,true,,136,211,1,1,http://localhost:8080/demo/getJasperReport,269,0,1
1626748234902,147,HTTP Request,200,,basic_test_pdf_converter_200U_60R_1L_40_CL 1-174,text,true,,136,211,1,1,http://localhost:8080/demo/getJasperReport,147,0,1
1626748235204,358,HTTP Request,200,,basic_test_pdf_converter_200U_60R_1L_40_CL 1-175,text,true,,136,211,2,2,http://localhost:8080/demo/getJasperReport,358,0,2
1626748235503,241,HTTP Request,200,,basic_test_pdf_converter_200U_60R_1L_40_CL 1-176,text,true,,136,211,1,1,http://localhost:8080/demo/getJasperReport,241,0,1
1626748235801,379,HTTP Request,200,,basic_test_pdf_converter_200U_60R_1L_40_CL 1-177,text,true,,136,211,2,2,http://localhost:8080/demo/getJasperReport,379,0,1
1626748236103,289,HTTP Request,200,,basic_test_pdf_converter_200U_60R_1L_40_CL 1-178,text,true,,136,211,1,1,http://localhost:8080/demo/getJasperReport,289,0,2
1626748236401,346,HTTP Request,200,,basic_test_pdf_converter_200U_60R_1L_40_CL 1-179,text,true,,136,211,2,2,http://localhost:8080/demo/getJasperReport,346,0,1
1626748236702,278,HTTP Request,200,,basic_test_pdf_converter_200U_60R_1L_40_CL 1-180,text,true,,136,211,1,1,http://localhost:8080/demo/getJasperReport,278,0,0
1626748237001,143,HTTP Request,200,,basic_test_pdf_converter_200U_60R_1L_40_CL 1-181,text,true,,136,211,1,1,http://localhost:8080/demo/getJasperReport,143,0,1
1626748237303,147,HTTP Request,200,,basic_test_pdf_converter_200U_60R_1L_40_CL 1-182,text,true,,136,211,1,1,http://localhost:8080/demo/getJasperReport,147,0,0
1626748237602,185,HTTP Request,200,,basic_test_pdf_converter_200U_60R_1L_40_CL 1-183,text,true,,136,211,1,1,http://localhost:8080/demo/getJasperReport,185,0,0
1626748237902,330,HTTP Request,200,,basic_test_pdf_converter_200U_60R_1L_40_CL 1-184,text,true,,136,211,2,2,http://localhost:8080/demo/getJasperReport,330,0,2
1626748238203,213,HTTP Request,200,,basic_test_pdf_converter_200U_60R_1L_40_CL 1-185,text,true,,136,211,1,1,http://localhost:8080/demo/getJasperReport,213,0,1
1626748238503,262,HTTP Request,200,,basic_test_pdf_converter_200U_60R_1L_40_CL 1-186,text,true,,136,211,1,1,http://localhost:8080/demo/getJasperReport,262,0,1
1626748238807,465,HTTP Request,200,,basic_test_pdf_converter_200U_60R_1L_40_CL 1-187,text,true,,136,211,2,2,http://localhost:8080/demo/getJasperReport,465,0,1
1626748239103,302,HTTP Request,200,,basic_test_pdf_converter_200U_60R_1L_40_CL 1-188,text,true,,136,211,2,2,http://localhost:8080/demo/getJasperReport,302,0,3
1626748239403,303,HTTP Request,200,,basic_test_pdf_converter_200U_60R_1L_40_CL 1-189,text,true,,136,211,1,1,http://localhost:8080/demo/getJasperReport,303,0,2
1626748239712,305,HTTP Request,200,,basic_test_pdf_converter_200U_60R_1L_40_CL 1-190,text,true,,136,211,2,2,http://localhost:8080/demo/getJasperReport,305,0,1
1626748240018,198,HTTP Request,200,,basic_test_pdf_converter_200U_60R_1L_40_CL 1-191,text,true,,136,211,1,1,http://localhost:8080/demo/getJasperReport,198,0,2
1626748240302,283,HTTP Request,200,,basic_test_pdf_converter_200U_60R_1L_40_CL 1-192,text,true,,136,211,1,1,http://localhost:8080/demo/getJasperReport,283,0,2
1626748240603,188,HTTP Request,200,,basic_test_pdf_converter_200U_60R_1L_40_CL 1-193,text,true,,136,211,1,1,http://localhost:8080/demo/getJasperReport,188,0,0
1626748240902,201,HTTP Request,200,,basic_test_pdf_converter_200U_60R_1L_40_CL 1-194,text,true,,136,211,1,1,http://localhost:8080/demo/getJasperReport,200,0,1
1626748241202,206,HTTP Request,200,,basic_test_pdf_converter_200U_60R_1L_40_CL 1-195,text,true,,136,211,1,1,http://localhost:8080/demo/getJasperReport,205,0,1
1626748241519,170,HTTP Request,200,,basic_test_pdf_converter_200U_60R_1L_40_CL 1-196,text,true,,136,211,1,1,http://localhost:8080/demo/getJasperReport,170,0,1
1626748241802,146,HTTP Request,200,,basic_test_pdf_converter_200U_60R_1L_40_CL 1-197,text,true,,136,211,1,1,http://localhost:8080/demo/getJasperReport,146,0,1
1626748242101,141,HTTP Request,200,,basic_test_pdf_converter_200U_60R_1L_40_CL 1-198,text,true,,136,211,1,1,http://localhost:8080/demo/getJasperReport,141,0,1
1626748242401,364,HTTP Request,200,,basic_test_pdf_converter_200U_60R_1L_40_CL 1-199,text,true,,136,211,2,2,http://localhost:8080/demo/getJasperReport,364,0,2
1626748242701,305,HTTP Request,200,,basic_test_pdf_converter_200U_60R_1L_40_CL 1-200,text,true,,136,211,1,1,http://localhost:8080/demo/getJasperReport,305,0,1
