timeStamp,elapsed,label,responseCode,responseMessage,threadName,dataType,success,failureMessage,bytes,sentBytes,grpThreads,allThreads,URL,Latency,SampleCount,ErrorCount,IdleTime,Connect
1627238271353,84,HTTP Request,200,,basic_test_pdf_converter_10U_1R_1L_20L 1-1,text,true,,136,211,1,1,http://localhost:8080/demo/getJasperReport,84,1,0,0,1
1627238271465,104,HTTP Request,200,,basic_test_pdf_converter_10U_1R_1L_20L 1-2,text,true,,136,211,2,2,http://localhost:8080/demo/getJasperReport,104,1,0,0,0
1627238271559,97,HTTP Request,200,,basic_test_pdf_converter_10U_1R_1L_20L 1-3,text,true,,136,211,2,2,http://localhost:8080/demo/getJasperReport,96,1,0,0,1
1627238271654,97,HTTP Request,200,,basic_test_pdf_converter_10U_1R_1L_20L 1-4,text,true,,136,211,1,1,http://localhost:8080/demo/getJasperReport,97,1,0,0,1
1627238271761,103,HTTP Request,200,,basic_test_pdf_converter_10U_1R_1L_20L 1-5,text,true,,136,211,1,1,http://localhost:8080/demo/getJasperReport,103,1,0,0,1
1627238271868,107,HTTP Request,200,,basic_test_pdf_converter_10U_1R_1L_20L 1-6,text,true,,136,211,2,2,http://localhost:8080/demo/getJasperReport,107,1,0,0,1
1627238271953,108,HTTP Request,200,,basic_test_pdf_converter_10U_1R_1L_20L 1-7,text,true,,136,211,2,2,http://localhost:8080/demo/getJasperReport,108,1,0,0,1
1627238272053,99,HTTP Request,200,,basic_test_pdf_converter_10U_1R_1L_20L 1-8,text,true,,136,211,1,1,http://localhost:8080/demo/getJasperReport,98,1,0,0,1
1627238272153,113,HTTP Request,200,,basic_test_pdf_converter_10U_1R_1L_20L 1-9,text,true,,136,211,2,2,http://localhost:8080/demo/getJasperReport,113,1,0,0,1
1627238272253,97,HTTP Request,200,,basic_test_pdf_converter_10U_1R_1L_20L 1-10,text,true,,136,211,1,1,http://localhost:8080/demo/getJasperReport,96,1,0,0,1
